type,topic,content,explanation,points,sort_order
SPEAKING_PART3,Why do people like travelling with friends or family?,"{""template"":""SPEAKING_PART3"",""total"":1,""title"":""Speaking Part 3"",""part"":""Part 3"",""questions"":[{""urlpic1"":""https://www.aptiskey.com/images/speaking/part3/de01_1.png"",""urlpic2"":""https://www.aptiskey.com/images/speaking/part3/de01_2.png"",""question1"":""Tell me what you see in the two pictures and compare them."",""question1_answer"":""In both pictures, I can see people travelling and spending time together.\n\nIn the first picture, I can see two people sitting in a car. The man is driving, and the woman is sitting next to him. They look happy and comfortable during their journey.\n\nIn the second picture, I can see a group of friends sitting on a train. They are talking, laughing and enjoying their trip together.\n\nThe main difference between these two pictures is that the first picture shows a private journey by car, while the second picture shows public transportation with more people."",""question2"":""Why do people like travelling with friends or family?"",""question2_answer"":""I think people like travelling with friends or family because it makes the journey more enjoyable and meaningful.\n\nWhen people travel together, they can talk, share experiences and create happy memories. They can also support each other when they have problems during the trip.\n\nFor example, a long journey can feel shorter when people have someone to chat with. Therefore, travelling with others is often more fun than travelling alone."",""question3"":""How can people make a long journey more comfortable?"",""question3_answer"":""People can make a long journey more comfortable by preparing carefully before travelling.\n\nThey can bring some food, water, headphones or books to entertain themselves. They should also take short breaks, stretch their bodies and relax during the journey.\n\nBesides that, choosing a comfortable seat and planning the route in advance can help reduce stress. These things can make a long trip easier and more enjoyable.""}]}",Speaking Part 3 import template,10,1
SPEAKING_PART3,Why do children like playing games?,"{""template"":""SPEAKING_PART3"",""total"":1,""title"":""Speaking Part 3"",""part"":""Part 3"",""questions"":[{""urlpic1"":""https://www.aptiskey.com/images/speaking/part3/de02_1.png"",""urlpic2"":""https://www.aptiskey.com/images/speaking/part3/de02_2.png"",""question1"":""Tell me what you see in the two pictures and compare them."",""question1_answer"":""In both pictures, I can see children enjoying activities in their free time.\n\nIn the first picture, I can see two children playing chess together. They are sitting at a table and focusing on the game. This activity requires patience and thinking skills.\n\nIn the second picture, I can see two children playing video games at home. They are sitting on a sofa and using game controllers. They look excited and happy.\n\nThe main difference between these two pictures is that chess is a traditional indoor activity, while video games are a modern activity using technology."",""question2"":""Why do children like playing games?"",""question2_answer"":""I think children like playing games because games help them relax and have fun after studying.\n\nGames can also help children develop different skills. For example, chess can improve their logical thinking and problem-solving skills, while video games can improve their reaction and coordination.\n\nMoreover, playing games with friends can help children communicate better and build stronger relationships."",""question3"":""How can parents help children spend their free time effectively?"",""question3_answer"":""Parents can help children spend their free time effectively by encouraging them to do useful activities.\n\nFor example, children can play sports, read books, learn new skills or play educational games. Parents should also control the amount of time children spend on electronic devices.\n\nI think the best way is to create a balance between entertainment, studying and outdoor activities so children can develop in a healthy way.""}]}",Speaking Part 3 import template,10,2
SPEAKING_PART3,Why do people like visiting natural places?,"{""template"":""SPEAKING_PART3"",""total"":1,""title"":""Speaking Part 3"",""part"":""Part 3"",""questions"":[{""urlpic1"":""https://www.aptiskey.com/images/speaking/part3/de03_1.png"",""urlpic2"":""https://www.aptiskey.com/images/speaking/part3/de03_2.png"",""question1"":""Tell me what you see in the two pictures and compare them."",""question1_answer"":""In both pictures, I can see beautiful natural places where people can relax and enjoy the environment.\n\nIn the first picture, I can see a forest with many tall trees. The atmosphere looks peaceful and quiet, and it seems like a good place for people who love nature and fresh air.\n\nIn the second picture, I can see a beautiful beach with palm trees, white sand and clear blue water. It looks like a perfect place for a holiday.\n\nThe main difference between these two pictures is that the first picture shows a mountain or forest area, while the second picture shows a tropical beach."",""question2"":""Why do people like visiting natural places?"",""question2_answer"":""I think people like visiting natural places because these places help them relax and escape from busy daily life.\n\nSpending time in nature can reduce stress and improve people's mood. They can enjoy fresh air, beautiful scenery and do activities such as hiking, swimming or taking photos.\n\nMoreover, travelling to natural places allows people to discover new environments and create memorable experiences."",""question3"":""How can people protect beautiful places like these?"",""question3_answer"":""People can protect beautiful places by taking care of the environment and avoiding activities that damage nature.\n\nFor example, they should not throw rubbish, cut down trees or pollute the water. They should use public transport when possible and follow local rules when visiting these places.\n\nI think everyone has a responsibility to protect nature so that future generations can enjoy these beautiful places too.""}]}",Speaking Part 3 import template,10,3
SPEAKING_PART3,Why do people like playing sports?,"{""template"":""SPEAKING_PART3"",""total"":1,""title"":""Speaking Part 3"",""part"":""Part 3"",""questions"":[{""urlpic1"":""https://www.aptiskey.com/images/speaking/part3/de04_1.png"",""urlpic2"":""https://www.aptiskey.com/images/speaking/part3/de04_2.png"",""question1"":""Tell me what you see in the two pictures and compare them."",""question1_answer"":""In both pictures, I can see people taking part in different sports activities.\n\nIn the first picture, I can see some football players competing in a match. They are running on the field and trying to control the ball. It looks like a professional football game with many spectators watching.\n\nIn the second picture, I can see an athlete taking part in a high jump competition. The person is jumping over a bar in a stadium.\n\nThe main difference between these two pictures is that the first picture shows a team sport, while the second picture shows an individual sport."",""question2"":""Why do people like playing sports?"",""question2_answer"":""I think people like playing sports because sports help them stay healthy and active.\n\nPlaying sports can improve physical strength, reduce stress and make people feel happier. Besides that, team sports such as football also help people learn teamwork and communication skills.\n\nMoreover, many people enjoy sports because they can make new friends and challenge themselves."",""question3"":""How can people encourage more people to do sports?"",""question3_answer"":""People can encourage others to do sports by making sports activities more interesting and accessible.\n\nFor example, schools and communities can organize free sports events or create more public sports facilities. Parents can also encourage their children to play sports from a young age.\n\nI think if people understand the benefits of exercise, they will be more willing to spend time doing sports regularly.""}]}",Speaking Part 3 import template,10,4
SPEAKING_PART3,Why do some people prefer studying with others?,"{""template"":""SPEAKING_PART3"",""total"":1,""title"":""Speaking Part 3"",""part"":""Part 3"",""questions"":[{""urlpic1"":""https://www.aptiskey.com/images/speaking/part3/de05_1.png"",""urlpic2"":""https://www.aptiskey.com/images/speaking/part3/de05_2.png"",""question1"":""Tell me what you see in the two pictures and compare them."",""question1_answer"":""In both pictures, I can see people studying and focusing on their work.\n\nIn the first picture, I can see a group of students sitting together in a library. They are reading books, discussing ideas and helping each other with their studies. It looks like they are doing group work.\n\nIn the second picture, I can see a person studying alone in a café. He is writing notes and working on his laptop or books.\n\nThe main difference between these two pictures is that the first picture shows group learning, while the second picture shows individual study."",""question2"":""Why do some people prefer studying with others?"",""question2_answer"":""I think some people prefer studying with others because they can share knowledge and support each other.\n\nWhen students study in groups, they can discuss difficult topics, exchange ideas and learn from different points of view. It can also make studying more interesting and less stressful.\n\nFor example, if someone has a problem with a lesson, their friends can explain it and help them understand it better."",""question3"":""How can people study more effectively?"",""question3_answer"":""People can study more effectively by creating a good study plan and choosing a suitable environment.\n\nThey should set clear goals, manage their time well and avoid distractions such as using phones too much. Taking short breaks and reviewing lessons regularly can also improve learning results.\n\nI think the most important thing is to find a study method that works best for each person.""}]}",Speaking Part 3 import template,10,5
SPEAKING_PART3,Why is spending time with family important?,"{""template"":""SPEAKING_PART3"",""total"":1,""title"":""Speaking Part 3"",""part"":""Part 3"",""questions"":[{""urlpic1"":""https://www.aptiskey.com/images/speaking/part3/de06_1.png"",""urlpic2"":""https://www.aptiskey.com/images/speaking/part3/de06_2.png"",""question1"":""Tell me what you see in the two pictures and compare them."",""question1_answer"":""In both pictures, I can see people enjoying their lives in different situations.\n\nIn the first picture, I can see a family sitting together outside their house. There are parents and children, and they look very happy and close to each other. They are probably spending quality time together.\n\nIn the second picture, I can see a woman standing alone on a balcony. She looks relaxed and is enjoying the fresh air and the view around her.\n\nThe main difference between these two pictures is that the first picture shows family life, while the second picture shows someone enjoying time alone."",""question2"":""Why is spending time with family important?"",""question2_answer"":""I think spending time with family is important because family members can support and care for each other.\n\nWhen people spend time together, they can communicate, share their feelings and create happy memories. It also helps strengthen relationships between parents and children.\n\nFor example, having meals together or going on trips can help family members understand each other better."",""question3"":""How can people have a happier life?"",""question3_answer"":""People can have a happier life by maintaining a good balance between work, family and personal time.\n\nThey should spend time with the people they love, take care of their health and do activities that make them feel relaxed.\n\nBesides that, having a positive attitude and appreciating small things in daily life can also help people feel happier.""}]}",Speaking Part 3 import template,10,6
SPEAKING_PART3,Why do some people like traditional forms of transportation?,"{""template"":""SPEAKING_PART3"",""total"":1,""title"":""Speaking Part 3"",""part"":""Part 3"",""questions"":[{""urlpic1"":""https://www.aptiskey.com/images/speaking/part3/de07_1.png"",""urlpic2"":""https://www.aptiskey.com/images/speaking/part3/de07_2.png"",""question1"":""Tell me what you see from the two picture?"",""question1_answer"":""In both pictures, I can see people using animals as a means of transportation.\n\nIn the first picture, I can see a man riding a camel in a desert area. The environment looks dry and peaceful, and the camel seems to be suitable for travelling in this place.\n\nIn the second picture, I can see a man riding in a horse-drawn carriage. It looks like a traditional vehicle that was popular in the past.\n\nThe main difference between these two pictures is that the first picture shows transportation in a natural desert environment, while the second picture shows a traditional vehicle used in a city or historical area."",""question2"":""Why do some people like traditional forms of transportation?"",""question2_answer"":""I think some people like traditional forms of transportation because they provide unique experiences and connect people with history and culture.\n\nFor example, riding a camel or a horse carriage can help tourists explore a place in a different way and enjoy the scenery around them.\n\nBesides that, traditional transportation is often interesting and memorable, so many people choose it when they travel."",""question3"":""How can people make transportation more environmentally friendly?"",""question3_answer"":""People can make transportation more environmentally friendly by choosing cleaner and more sustainable ways of travelling.\n\nFor example, they can use public transport, ride bicycles or walk for short distances. Governments can also develop electric vehicles and improve public transportation systems.\n\nI think protecting the environment should be a priority, so everyone should make responsible choices when travelling.""}]}",Speaking Part 3 import template,10,7
SPEAKING_PART3,Why are activities important for children?,"{""template"":""SPEAKING_PART3"",""total"":1,""title"":""Speaking Part 3"",""part"":""Part 3"",""questions"":[{""urlpic1"":""https://www.aptiskey.com/images/speaking/part3/de08_1.png"",""urlpic2"":""https://www.aptiskey.com/images/speaking/part3/de08_2.png"",""question1"":""Tell me what you see in the two pictures and compare them."",""question1_answer"":""In both pictures, I can see children taking part in different activities with other people.\n\nIn the first picture, I can see a man and a child standing near a horse. The man is holding the child, and they seem to be enjoying an outdoor activity together. It looks like the child is learning about animals and nature.\n\nIn the second picture, I can see three children sitting at a table and playing together. They are indoors and seem to be doing a fun learning activity.\n\nThe main difference between these two pictures is that the first picture shows an outdoor experience with animals, while the second picture shows children learning and playing indoors."",""question2"":""Why are activities important for children?"",""question2_answer"":""I think activities are important for children because they help children develop different skills and learn new things.\n\nOutdoor activities can help children become more active and understand the natural world. Indoor activities can improve their creativity, communication and problem-solving skills.\n\nMoreover, spending time on useful activities can help children become more confident and independent."",""question3"":""How can parents help children develop better skills?"",""question3_answer"":""Parents can help children develop better skills by providing them with different learning experiences.\n\nFor example, they can encourage children to play sports, read books, join social activities or explore nature. Parents should also spend time talking and playing with their children.\n\nI think support and encouragement from parents are very important because they help children grow in a healthy and positive way.""}]}",Speaking Part 3 import template,10,8
SPEAKING_PART3,Why do people enjoy doing outdoor sports?,"{""template"":""SPEAKING_PART3"",""total"":1,""title"":""Speaking Part 3"",""part"":""Part 3"",""questions"":[{""urlpic1"":""https://www.aptiskey.com/images/speaking/part3/de09_1.png"",""urlpic2"":""https://www.aptiskey.com/images/speaking/part3/de09_2.png"",""question1"":""Tell me what you see in the two pictures and compare them."",""question1_answer"":""In both pictures, I can see people taking part in outdoor sports activities.\n\nIn the first picture, I can see a person riding a bicycle on a road. He is wearing sports clothes and a helmet, so he seems to be doing exercise or training.\n\nIn the second picture, I can see a group of people rowing a boat on a river. They are working together and trying to move the boat forward.\n\nThe main difference between these two pictures is that cycling is an individual sport, while rowing is a team activity that requires cooperation."",""question2"":""Why do people enjoy doing outdoor sports?"",""question2_answer"":""I think people enjoy doing outdoor sports because these activities are good for their physical and mental health.\n\nOutdoor sports help people stay fit, reduce stress and enjoy fresh air. They can also spend time in nature and meet other people who have similar interests.\n\nFor example, cycling and rowing are not only good exercises but also enjoyable ways to relax after a busy day."",""question3"":""How can people encourage others to live a healthier lifestyle?"",""question3_answer"":""People can encourage others to live a healthier lifestyle by making exercise and healthy habits easier to follow.\n\nFor example, families and friends can exercise together, schools can organize more sports activities, and communities can provide better facilities.\n\nBesides that, people should share information about the benefits of regular exercise and a balanced diet. I think small changes in daily life can create a healthier lifestyle.""}]}",Speaking Part 3 import template,10,9
SPEAKING_PART3,Why do people like exploring natural places?,"{""template"":""SPEAKING_PART3"",""total"":1,""title"":""Speaking Part 3"",""part"":""Part 3"",""questions"":[{""urlpic1"":""https://www.aptiskey.com/images/speaking/part3/de10_1.png"",""urlpic2"":""https://www.aptiskey.com/images/speaking/part3/de10_2.png"",""question1"":""Tell me what you see from the two picture?"",""question1_answer"":""In both pictures, I can see people exploring different natural environments.\n\nIn the first picture, I can see a person walking in a forest. The area looks quiet and peaceful with many tall trees. It seems like a good place for hiking and enjoying fresh air.\n\nIn the second picture, I can see a group of people riding camels across a desert. The landscape is dry, with large sand dunes and a clear sky.\n\nThe main difference between these two pictures is that the first picture shows a green forest environment, while the second picture shows a hot and dry desert area."",""question2"":""Why do people like exploring natural places?"",""question2_answer"":""I think people like exploring natural places because they can relax and escape from their busy daily lives.\n\nNature offers fresh air, beautiful scenery and peaceful environments. People can enjoy activities such as hiking, camping or taking photos.\n\nMoreover, travelling to natural places allows people to discover new cultures, experience different environments and create unforgettable memories."",""question3"":""How can people prepare for a trip to a natural place?"",""question3_answer"":""People can prepare for a trip to a natural place by planning carefully before they go.\n\nThey should check the weather, prepare suitable clothes, bring enough food and water, and take necessary equipment such as maps or a first-aid kit.\n\nBesides that, people should learn about the location and respect the environment by not leaving rubbish behind. Good preparation can make the trip safer and more enjoyable.""}]}",Speaking Part 3 import template,10,10
SPEAKING_PART3,Why do people enjoy playing sports?,"{""template"":""SPEAKING_PART3"",""total"":1,""title"":""Speaking Part 3"",""part"":""Part 3"",""questions"":[{""urlpic1"":""https://www.aptiskey.com/images/speaking/part3/de11_1.png"",""urlpic2"":""https://www.aptiskey.com/images/speaking/part3/de11_2.png"",""question1"":""Tell me what you see in the two pictures and compare them."",""question1_answer"":""In both pictures, I can see people taking part in sports activities and competitions.\n\nIn the first picture, I can see a group of athletes playing wheelchair basketball. They are wearing sports clothes and trying to score points during a match. This sport requires teamwork and strong determination.\n\nIn the second picture, I can see two older men playing tennis. They are shaking hands after the match, and they look happy and friendly.\n\nThe main difference between these two pictures is that the first picture shows a team sport for athletes with disabilities, while the second picture shows an individual sport between two people."",""question2"":""Why do people enjoy playing sports?"",""question2_answer"":""I think people enjoy playing sports because sports bring many benefits to their lives.\n\nFirst, sports help people stay healthy, improve their physical strength and reduce stress. Besides that, playing sports can help people make friends and develop teamwork skills.\n\nFor many people, sports are not only about winning but also about having fun and challenging themselves."",""question3"":""How can sports help people overcome difficulties in life?"",""question3_answer"":""Sports can help people overcome difficulties by teaching them important skills such as patience, confidence and determination.\n\nFor example, athletes have to practice regularly and never give up when they face challenges. Sports also help people develop a positive attitude and believe in themselves.\n\nI think taking part in sports can make people stronger both physically and mentally.""}]}",Speaking Part 3 import template,10,11
SPEAKING_PART3,Why do people like shopping at markets or supermarkets?,"{""template"":""SPEAKING_PART3"",""total"":1,""title"":""Speaking Part 3"",""part"":""Part 3"",""questions"":[{""urlpic1"":""https://www.aptiskey.com/images/speaking/part3/de12_1.png"",""urlpic2"":""https://www.aptiskey.com/images/speaking/part3/de12_2.png"",""question1"":""Tell me what you see in the two pictures and compare them."",""question1_answer"":""In both pictures, I can see people buying or selling food in different places.\n\nIn the first picture, I can see a family shopping in a supermarket. The father is holding his daughter, and they are looking at products on the shelves. The supermarket looks modern and organized.\n\nIn the second picture, I can see some people selling vegetables and food at a local market. There are many fresh products displayed around them, and the atmosphere looks more traditional and crowded.\n\nThe main difference between these two pictures is that the first picture shows shopping in a modern supermarket, while the second picture shows a traditional outdoor market."",""question2"":""Why do people like shopping at markets or supermarkets?"",""question2_answer"":""I think people like shopping at markets and supermarkets because they can easily find the food and products they need.\n\nSupermarkets are convenient because they offer many different types of goods in one place, while traditional markets often provide fresh food and a more personal shopping experience.\n\nBesides that, shopping can also be an enjoyable activity because people can spend time with their family and choose their favorite products."",""question3"":""How can people make shopping more convenient and effective?"",""question3_answer"":""People can make shopping more convenient by planning carefully before they go.\n\nFor example, they can make a shopping list, compare prices and choose the best time to shop to avoid crowds. They can also use online shopping services when they do not have much time.\n\nI think good preparation can help people save time, save money and have a better shopping experience.""}]}",Speaking Part 3 import template,10,12
SPEAKING_PART3,Why do people like travelling to different places?,"{""template"":""SPEAKING_PART3"",""total"":1,""title"":""Speaking Part 3"",""part"":""Part 3"",""questions"":[{""urlpic1"":""https://www.aptiskey.com/images/speaking/part3/de13_1.png"",""urlpic2"":""https://www.aptiskey.com/images/speaking/part3/de13_2.png"",""question1"":""Tell me what you see in the two pictures and compare them."",""question1_answer"":""In both pictures, I can see people enjoying outdoor activities and travelling to beautiful places.\n\nIn the first picture, I can see a group of people climbing a mountain. They are standing on a high area and looking at the beautiful view below. This activity seems challenging and requires physical strength.\n\nIn the second picture, I can see a family spending time together on a beach. They are walking along the seaside and enjoying the sunny weather.\n\nThe main difference between these two pictures is that the first picture shows an adventurous activity in the mountains, while the second picture shows a relaxing family holiday at the beach."",""question2"":""Why do people like travelling to different places?"",""question2_answer"":""I think people like travelling because it helps them relax and experience new things.\n\nWhen people travel, they can discover beautiful places, learn about different cultures and create unforgettable memories. Travelling also helps people escape from their busy daily routines and reduce stress.\n\nFor example, some people enjoy adventurous trips like mountain climbing, while others prefer relaxing holidays with their family."",""question3"":""How can people prepare for a safe and enjoyable trip?"",""question3_answer"":""People can prepare for a safe and enjoyable trip by planning carefully before travelling.\n\nThey should check the weather, prepare suitable clothes, bring necessary items and learn about the destination. For outdoor activities like climbing, people also need proper equipment and good physical preparation.\n\nI think good planning is important because it can help people avoid problems and enjoy their journey more.""}]}",Speaking Part 3 import template,10,13
SPEAKING_PART3,Why do people like listening to or playing music?,"{""template"":""SPEAKING_PART3"",""total"":1,""title"":""Speaking Part 3"",""part"":""Part 3"",""questions"":[{""urlpic1"":""https://www.aptiskey.com/images/speaking/part3/de14_1.png"",""urlpic2"":""https://www.aptiskey.com/images/speaking/part3/de14_2.png"",""question1"":""Tell me what you see in the two pictures and compare them."",""question1_answer"":""In both pictures, I can see people involved in musical activities.\n\nIn the first picture, I can see a woman teaching a child how to play the piano. There is also a person playing the guitar in the background. It looks like a private music lesson at home, where the child is learning a new skill.\n\nIn the second picture, I can see a band performing on a stage in front of a large audience. The musicians are playing instruments and entertaining many people.\n\nThe main difference between these two pictures is that the first picture shows learning music in a small and private environment, while the second picture shows a professional public performance."",""question2"":""Why do people like listening to or playing music?"",""question2_answer"":""I think people like listening to or playing music because music can bring happiness and help them relax.\n\nListening to music can reduce stress and improve people's mood after a busy day. For those who play instruments, music is also a way to express their feelings and develop creativity.\n\nMoreover, music can connect people because they can share their favorite songs and enjoy performances together."",""question3"":""How can people develop their musical skills?"",""question3_answer"":""People can develop their musical skills by practicing regularly and learning from others.\n\nFor example, they can take music lessons, watch online tutorials or join music clubs. It is also important to listen to different types of music to improve their understanding and creativity.\n\nI think patience and regular practice are the most important factors because learning music takes time and effort.""}]}",Speaking Part 3 import template,10,14
SPEAKING_PART3,Why do people like going on holidays?,"{""template"":""SPEAKING_PART3"",""total"":1,""title"":""Speaking Part 3"",""part"":""Part 3"",""questions"":[{""urlpic1"":""https://www.aptiskey.com/images/speaking/part3/de15_1.png"",""urlpic2"":""https://www.aptiskey.com/images/speaking/part3/de15_2.png"",""question1"":""Tell me what you see from the two picture?"",""question1_answer"":""In both pictures, I can see people spending their time outdoors and enjoying beautiful places.\n\nIn the first picture, I can see a crowded beach with many people relaxing under colorful umbrellas. There are many tourists, and the atmosphere looks lively and exciting.\n\nIn the second picture, I can see two people sitting near a lake and enjoying the view of a mountain. The place looks quiet, peaceful and surrounded by nature.\n\nThe main difference between these two pictures is that the first picture shows a crowded and energetic holiday destination, while the second picture shows a quiet place where people can relax."",""question2"":""Why do people like going on holidays?"",""question2_answer"":""I think people like going on holidays because travelling helps them relax and escape from their stressful daily lives.\n\nDuring a holiday, people can explore new places, enjoy beautiful scenery and spend quality time with their family or friends. It also gives them a chance to experience different cultures and create memorable moments.\n\nFor example, some people enjoy relaxing on beaches, while others prefer visiting natural places like mountains or lakes."",""question3"":""How can people have a better holiday experience?"",""question3_answer"":""People can have a better holiday experience by planning carefully before travelling.\n\nThey should choose a suitable destination, check the weather, prepare necessary items and make a reasonable budget. It is also important to respect local people and protect the environment when visiting new places.\n\nI think good preparation can help people avoid problems and enjoy their holidays more comfortably.""}]}",Speaking Part 3 import template,10,15
SPEAKING_PART3,Why do people choose different forms of transportation?,"{""template"":""SPEAKING_PART3"",""total"":1,""title"":""Speaking Part 3"",""part"":""Part 3"",""questions"":[{""urlpic1"":""https://www.aptiskey.com/images/speaking/part3/de16_1.png"",""urlpic2"":""https://www.aptiskey.com/images/speaking/part3/de16_2.png"",""question1"":""Tell me what you see in the two pictures and compare them."",""question1_answer"":""In both pictures, I can see people travelling using different types of transportation.\n\nIn the first picture, I can see a person at an airport. He is carrying a suitcase and looking at an airplane through the window. He is probably waiting for his flight to another place.\n\nIn the second picture, I can see a person standing at a train station. He is waiting for a train and listening to music with earphones.\n\nThe main difference between these two pictures is that the first picture shows air travel, which is usually used for long distances, while the second picture shows train travel, which is more common for shorter journeys."",""question2"":""Why do people choose different forms of transportation?"",""question2_answer"":""I think people choose different forms of transportation because each type has its own advantages.\n\nAirplanes are fast and convenient for travelling long distances, while trains are often cheaper and more comfortable for daily travel.\n\nPeople also consider factors such as cost, travel time and convenience before choosing a type of transport. For example, a person going on an international trip may choose a plane, but someone travelling to work may prefer a train."",""question3"":""How can transportation systems be improved in the future?"",""question3_answer"":""Transportation systems can be improved by becoming faster, safer and more environmentally friendly.\n\nGovernments can invest in better public transportation, develop electric vehicles and improve roads and stations. People should also be encouraged to use public transport more often to reduce traffic and pollution.\n\nI think modern transportation should focus on saving time while also protecting the environment.""}]}",Speaking Part 3 import template,10,16
SPEAKING_PART3,Why do people like gardening?,"{""template"":""SPEAKING_PART3"",""total"":1,""title"":""Speaking Part 3"",""part"":""Part 3"",""questions"":[{""urlpic1"":""https://www.aptiskey.com/images/speaking/part3/de17_1.png"",""urlpic2"":""https://www.aptiskey.com/images/speaking/part3/de17_2.png"",""question1"":""Tell me what you see in the two pictures and compare them."",""question1_answer"":""In both pictures, I can see people doing gardening activities.\n\nIn the first picture, I can see a woman growing vegetables in a garden. She is picking tomatoes from the plants and putting them into a basket. It looks like she enjoys growing fresh food by herself.\n\nIn the second picture, I can see a man and a child planting flowers in a garden. They are working together and learning how to take care of plants.\n\nThe main difference between these two pictures is that the first picture shows an individual growing vegetables, while the second picture shows a family activity where adults and children work together."",""question2"":""Why do people like gardening?"",""question2_answer"":""I think people like gardening because it is a relaxing and useful activity.\n\nGardening helps people reduce stress, spend time outdoors and connect with nature. Besides that, growing their own vegetables and flowers can make people feel proud and satisfied.\n\nFor example, many people enjoy planting vegetables because they can have fresh and healthy food for their families."",""question3"":""How can parents encourage children to learn about nature?"",""question3_answer"":""Parents can encourage children to learn about nature by involving them in outdoor activities.\n\nFor example, they can teach children how to plant flowers, grow vegetables or take care of animals. Parents can also take children to parks, farms or natural places to help them understand the environment better.\n\nI think these activities are important because they help children become more responsible and appreciate nature.""}]}",Speaking Part 3 import template,10,17
SPEAKING_PART3,Why do people enjoy listening to music?,"{""template"":""SPEAKING_PART3"",""total"":1,""title"":""Speaking Part 3"",""part"":""Part 3"",""questions"":[{""urlpic1"":""https://www.aptiskey.com/images/speaking/part3/de18_1.png"",""urlpic2"":""https://www.aptiskey.com/images/speaking/part3/de18_2.png"",""question1"":""Tell me what you see from the two picture?"",""question1_answer"":""In both pictures, I can see people enjoying music activities.\n\nIn the first picture, I can see a woman sitting on a sofa and listening to music with headphones. She looks happy and relaxed, and she seems to be enjoying her free time at home.\n\nIn the second picture, I can see a singer performing on a stage with other musicians. She is holding a microphone and singing in front of an audience.\n\nThe main difference between these two pictures is that the first picture shows someone listening to music privately, while the second picture shows a professional live performance."",""question2"":""Why do people enjoy listening to music?"",""question2_answer"":""I think people enjoy listening to music because music can help them relax and improve their mood.\n\nAfter a busy day, many people listen to their favorite songs to reduce stress and feel more comfortable. Music can also bring back memories and help people express their emotions.\n\nMoreover, different types of music can suit different situations, such as studying, exercising or relaxing."",""question3"":""How can people develop their talent in music?"",""question3_answer"":""People can develop their talent in music by practicing regularly and learning from experienced people.\n\nFor example, they can take music lessons, join a music club or practice playing an instrument every day. They should also listen to different kinds of music to improve their skills and creativity.\n\nI think patience and passion are the most important things because becoming good at music requires a lot of time and effort.""}]}",Speaking Part 3 import template,10,18
SPEAKING_PART3,Why do children like playing games?,"{""template"":""SPEAKING_PART3"",""total"":1,""title"":""Speaking Part 3"",""part"":""Part 3"",""questions"":[{""urlpic1"":""https://www.aptiskey.com/images/speaking/part3/de19_1.png"",""urlpic2"":""https://www.aptiskey.com/images/speaking/part3/de19_2.png"",""question1"":""Tell me what you see from the two picture?"",""question1_answer"":""In both pictures, I can see children spending their free time playing games.\n\nIn the first picture, I can see a family playing chess together at a table. The parents are helping the child, and everyone looks happy and relaxed. This activity seems to be a good way for family members to communicate with each other.\n\nIn the second picture, I can see a boy playing a video game with a controller. He is sitting alone and focusing on the screen.\n\nThe main difference between these two pictures is that the first picture shows a traditional game with family interaction, while the second picture shows a modern electronic game played individually."",""question2"":""Why do children like playing games?"",""question2_answer"":""I think children like playing games because games are fun and help them relax after studying.\n\nGames can also help children develop important skills. For example, chess can improve logical thinking and problem-solving skills, while video games can improve concentration and reaction speed.\n\nBesides that, playing games with others can help children make friends and improve their communication skills."",""question3"":""How can parents control children's use of technology?"",""question3_answer"":""Parents can control children's use of technology by setting clear rules and encouraging a healthy balance.\n\nFor example, they can limit the amount of time children spend playing video games and encourage them to do other activities such as reading books, playing sports or spending time with family.\n\nI think parents should not completely stop children from using technology because technology is useful, but they should guide children to use it in a responsible way.""}]}",Speaking Part 3 import template,10,19
SPEAKING_PART3,Why do some people prefer cooking at home?,"{""template"":""SPEAKING_PART3"",""total"":1,""title"":""Speaking Part 3"",""part"":""Part 3"",""questions"":[{""urlpic1"":""https://www.aptiskey.com/images/speaking/part3/de20_1.png"",""urlpic2"":""https://www.aptiskey.com/images/speaking/part3/de20_2.png"",""question1"":""Tell me what you see from the two picture?"",""question1_answer"":""In both pictures, I can see people enjoying food and meals in different ways.\n\nIn the first picture, I can see a man cooking with a child in a kitchen. They are preparing vegetables and making food together. It looks like a family activity and they seem happy spending time together.\n\nIn the second picture, I can see a man eating at an outdoor restaurant. He is sitting at a table and enjoying his meal in a public place.\n\nThe main difference between these two pictures is that the first picture shows people cooking at home, while the second picture shows someone eating outside at a restaurant."",""question2"":""Why do some people prefer cooking at home?"",""question2_answer"":""I think some people prefer cooking at home because it is healthier and more economical.\n\nWhen people cook at home, they can choose fresh ingredients and control the amount of salt, sugar or oil in their food. Cooking at home can also help families spend more time together and improve their relationships.\n\nMoreover, many people enjoy cooking because it is a relaxing and creative activity."",""question3"":""Why do people like eating at restaurants?"",""question3_answer"":""People like eating at restaurants because it is convenient and gives them a chance to enjoy different kinds of food.\n\nThey do not need to spend time preparing meals or cleaning after eating. Restaurants also provide a comfortable place for people to meet friends, celebrate special occasions or try new dishes.\n\nI think eating at restaurants is a good way to relax and have enjoyable experiences with other people.""}]}",Speaking Part 3 import template,10,20
SPEAKING_PART3,Why do some people prefer living in a house?,"{""template"":""SPEAKING_PART3"",""total"":1,""title"":""Speaking Part 3"",""part"":""Part 3"",""questions"":[{""urlpic1"":""https://www.aptiskey.com/images/speaking/part3/de21_1.png"",""urlpic2"":""https://www.aptiskey.com/images/speaking/part3/de21_2.png"",""question1"":""Tell me what you see from the two picture?"",""question1_answer"":""In both pictures, I can see people enjoying their living spaces.\n\nIn the first picture, I can see a family sitting together outside their house. There are parents and a child, and they look happy and comfortable. The house looks large with a garden, so it seems like a peaceful place for family life.\n\nIn the second picture, I can see a young woman standing on a balcony. She is alone and looking at the camera. The place looks like an apartment in a city.\n\nThe main difference between these two pictures is that the first picture shows a family living in a house with outdoor space, while the second picture shows an individual living in an apartment."",""question2"":""Why do some people prefer living in a house?"",""question2_answer"":""I think some people prefer living in a house because it provides more space and privacy.\n\nA house usually has a garden or outdoor area where people can relax, grow plants or spend time with their family. It is also more suitable for families with children because they have more space to play.\n\nMoreover, living in a house can make people feel more comfortable and connected with nature."",""question3"":""Why do some people choose to live in apartments?"",""question3_answer"":""Some people choose to live in apartments because they are often more convenient, especially in big cities.\n\nApartments are usually located near workplaces, schools and shopping centres, so people can save time travelling. They are also easier to maintain because residents do not need to take care of a large garden.\n\nI think apartments are a good choice for young people or those who prefer a modern and convenient lifestyle.""}]}",Speaking Part 3 import template,10,21
SPEAKING_PART3,Why is it important for children to learn about animals?,"{""template"":""SPEAKING_PART3"",""total"":1,""title"":""Speaking Part 3"",""part"":""Part 3"",""questions"":[{""urlpic1"":""https://www.aptiskey.com/images/speaking/part3/de22_1.png"",""urlpic2"":""https://www.aptiskey.com/images/speaking/part3/de22_2.png"",""question1"":""Tell me what you see in the two pictures and compare them."",""question1_answer"":""In both pictures, I can see children learning about animals and nature.\n\nIn the first picture, I can see a father and a child looking at a horse. They are outside, and the child seems excited about seeing the animal. This looks like a family activity where the child can learn through real experience.\n\nIn the second picture, I can see a group of children in a classroom observing a snake. They are wearing masks and learning about animals in an educational environment.\n\nThe main difference between these two pictures is that the first picture shows children learning from outdoor experiences with family, while the second picture shows children learning in a classroom with teachers and classmates."",""question2"":""Why is it important for children to learn about animals?"",""question2_answer"":""I think learning about animals is important for children because it helps them understand the natural world and develop respect for living things.\n\nChildren can learn how animals live, what they need and why protecting wildlife is important. These experiences can also make lessons more interesting and memorable.\n\nFor example, seeing animals in real life can help children remember information better than only reading books."",""question3"":""How can parents and schools help children learn more effectively?"",""question3_answer"":""Parents and schools can help children learn more effectively by providing different learning experiences.\n\nFor example, they can take children to farms, zoos or nature parks, and schools can organize outdoor activities or science lessons. Teachers should also encourage children to ask questions and explore new things.\n\nI think combining classroom learning with real-life experiences is a great way to help children develop knowledge and curiosity.""}]}",Speaking Part 3 import template,10,22
SPEAKING_PART3,Why do people enjoy doing sports?,"{""template"":""SPEAKING_PART3"",""total"":1,""title"":""Speaking Part 3"",""part"":""Part 3"",""questions"":[{""urlpic1"":""https://www.aptiskey.com/images/speaking/part3/de23_1.png"",""urlpic2"":""https://www.aptiskey.com/images/speaking/part3/de23_2.png"",""question1"":""Tell me what you see from the two picture?"",""question1_answer"":""In both pictures, I can see people taking part in outdoor sports activities.\n\nIn the first picture, I can see a man riding a bicycle on a road. He is wearing sports clothes and a helmet, so he seems to be exercising or training. Cycling is an activity that requires physical strength and endurance.\n\nIn the second picture, I can see a group of people rowing a boat on the sea. They are working together and using their strength to move the boat forward.\n\nThe main difference between these two pictures is that cycling is an individual activity, while rowing is a team sport that requires cooperation and communication."",""question2"":""Why do people enjoy doing sports?"",""question2_answer"":""I think people enjoy doing sports because sports bring many benefits to their physical and mental health.\n\nDoing sports helps people stay fit, improve their strength and reduce stress. Besides that, sports can make people feel more confident and give them opportunities to meet new friends.\n\nFor example, some people like cycling because they can exercise alone and enjoy nature, while others prefer team sports because they enjoy working with others."",""question3"":""How can people encourage more people to do exercise?"",""question3_answer"":""People can encourage others to exercise by making sports activities more interesting and accessible.\n\nFor example, families and friends can exercise together, schools can organize more sports events, and communities can build more public sports facilities.\n\nIn addition, people should share information about the benefits of exercise. I think when people understand that exercise can improve their health and happiness, they will be more willing to take part in sports activities.""}]}",Speaking Part 3 import template,10,23
SPEAKING_PART3,Why do people like travelling to new places?,"{""template"":""SPEAKING_PART3"",""total"":1,""title"":""Speaking Part 3"",""part"":""Part 3"",""questions"":[{""urlpic1"":""https://www.aptiskey.com/images/speaking/part3/de24_1.png"",""urlpic2"":""https://www.aptiskey.com/images/speaking/part3/de24_2.png"",""question1"":""Tell me what you see in the two pictures and compare them."",""question1_answer"":""In both pictures, I can see people travelling and exploring different places.\n\nIn the first picture, I can see a couple at an airport. They are carrying suitcases and walking together, so they are probably going on a holiday or a business trip. The airport looks modern and busy.\n\nIn the second picture, I can see a person standing in a mountainous area. He is taking photos and enjoying the beautiful natural scenery around him.\n\nThe main difference between these two pictures is that the first picture shows the beginning of a journey with modern transportation, while the second picture shows someone exploring nature and having an outdoor adventure."",""question2"":""Why do people like travelling to new places?"",""question2_answer"":""I think people like travelling to new places because it gives them opportunities to relax and experience new things.\n\nTravelling allows people to discover different cultures, see beautiful landscapes and create unforgettable memories. It also helps them escape from their normal routine and reduce stress.\n\nFor example, some people enjoy visiting cities, while others prefer adventurous trips to mountains or natural areas."",""question3"":""How can people prepare for a successful trip?"",""question3_answer"":""People can prepare for a successful trip by planning carefully before they leave.\n\nThey should choose a suitable destination, book accommodation, check the weather and prepare necessary items such as clothes, money and travel documents.\n\nFor adventure trips, people also need suitable equipment and good physical preparation. I think careful planning can help people avoid problems and enjoy their journey more.""}]}",Speaking Part 3 import template,10,24
SPEAKING_PART3,Why do people choose different types of transportation?,"{""template"":""SPEAKING_PART3"",""total"":1,""title"":""Speaking Part 3"",""part"":""Part 3"",""questions"":[{""urlpic1"":""https://www.aptiskey.com/images/speaking/part3/de25_1.png"",""urlpic2"":""https://www.aptiskey.com/images/speaking/part3/de25_2.png"",""question1"":""Tell me what you see from the two picture?"",""question1_answer"":""In both pictures, I can see people using different types of transportation.\n\nIn the first picture, I can see many people getting on a red bus. The bus looks crowded, and it seems to be a form of public transportation used by many passengers.\n\nIn the second picture, I can see a person standing next to a red sports car. The car looks modern, expensive and comfortable. It seems like a private vehicle for personal use.\n\nThe main difference between these two pictures is that the first picture shows public transportation shared by many people, while the second picture shows a private car used by an individual."",""question2"":""Why do people choose different types of transportation?"",""question2_answer"":""I think people choose different types of transportation because their needs and situations are different.\n\nPublic transportation, such as buses, is usually cheaper and more convenient for many people, especially in big cities. On the other hand, private cars provide more comfort, privacy and flexibility.\n\nPeople often consider factors like cost, distance, convenience and personal preference when choosing a way to travel."",""question3"":""How can cities improve their transportation systems?"",""question3_answer"":""Cities can improve their transportation systems by developing better public transport and reducing traffic problems.\n\nFor example, governments can build more bus routes, improve train systems and encourage people to use public transportation. They can also develop environmentally friendly vehicles to reduce pollution.\n\nI think a good transportation system should be convenient, affordable and safe for everyone.""}]}",Speaking Part 3 import template,10,25
SPEAKING_PART3,What are the advantages of spending time with animals?,"{""template"":""SPEAKING_PART3"",""total"":1,""title"":""Speaking Part 3"",""part"":""Part 3"",""questions"":[{""urlpic1"":""https://res.cloudinary.com/dl5qadbyl/image/upload/v1788680981/Screenshot_2026-09-06_144911.png"",""urlpic2"":""https://res.cloudinary.com/dl5qadbyl/image/upload/v1788680982/Screenshot_2026-09-06_144916.png"",""question1"":""Tell me what you see in the two pictures and compare them."",""question1_answer"":""In the first picture, I can see a young boy playing with a dolphin in a swimming pool. He is touching the dolphin and looks very happy. In the second picture, there is a girl playing with a small monkey in a zoo. She is holding the monkey in her hand and smiling.\n\nThe two pictures are similar because both children are spending time with animals and having fun. However, the main difference is that the first child is interacting with a dolphin in the water, while the second child is playing with a monkey on land."",""question2"":""What are the advantages of spending time with animals?"",""question2_answer"":""Spending time with animals can be a great experience because it helps people relax and feel happier. It also allows children to learn more about animals and nature. Moreover, interacting with animals can help children become more caring and responsible."",""question3"":""Which animal would you prefer to play with, a dolphin or a monkey? Why?"",""question3_answer"":""I would prefer to play with a dolphin because dolphins are intelligent, friendly, and beautiful animals. Swimming with a dolphin would be an unforgettable experience. However, playing with a monkey could also be interesting because monkeys are cute and funny.""}]}",Speaking Part 3 import template,10,26
SPEAKING_PART3,What are the advantages of reading books and using electronic devices for entertainment?,"{""template"":""SPEAKING_PART3"",""total"":1,""title"":""Speaking Part 3"",""part"":""Part 3"",""questions"":[{""urlpic1"":""https://res.cloudinary.com/dl5qadbyl/image/upload/v1788681071/Screenshot_2026-09-06_145057.png"",""urlpic2"":""https://res.cloudinary.com/dl5qadbyl/image/upload/v1788681070/Screenshot_2026-09-06_145050.png"",""question1"":""Tell me what you see in the two pictures and compare them."",""question1_answer"":""In the first picture, I can see a young man sitting on a sofa and using a tablet. He looks relaxed and is probably enjoying his free time. In the second picture, I can see a woman reading a book in a comfortable room, while a man is using a tablet on the other side.\n\nThe two pictures are similar because both people are relaxing at home in their free time. However, the main difference is that the woman is reading a book, while the man is using a digital device."",""question2"":""What are the advantages of reading books and using electronic devices for entertainment?"",""question2_answer"":""Reading books can help people improve their knowledge, develop their imagination, and reduce stress. Using electronic devices is also useful because people can access information quickly, watch videos, play games, or communicate with others easily."",""question3"":""Which activity would you prefer, reading a book or using a tablet? Why?"",""question3_answer"":""I would prefer reading a book because it helps me relax and concentrate better. I think reading is a good habit because it can improve my knowledge. However, using a tablet is also convenient because it offers many different types of entertainment.""}]}",Speaking Part 3 import template,10,27
SPEAKING_PART3,What are the advantages of eating with other people?,"{""template"":""SPEAKING_PART3"",""total"":1,""title"":""Speaking Part 3"",""part"":""Part 3"",""questions"":[{""urlpic1"":""https://res.cloudinary.com/dl5qadbyl/image/upload/v1788681896/Screenshot_2026-09-06_150353.png"",""urlpic2"":""https://res.cloudinary.com/dl5qadbyl/image/upload/v1788681896/Screenshot_2026-09-06_150415.png"",""question1"":""Tell me what you see in the two pictures and compare them."",""question1_answer"":""In the first picture, I can see a group of people sitting at a table in a restaurant. They are eating, drinking, and talking happily together. In the second picture, there is a woman sitting alone at a table and having a meal.\n\nThe two pictures are similar because both show people eating in a restaurant. However, the main difference is that the first picture shows a social meal with many people, while the second picture shows someone eating alone."",""question2"":""What are the advantages of eating with other people?"",""question2_answer"":""Eating with other people can be enjoyable because we can share conversations, build relationships, and create happy memories. It also helps people feel less lonely and makes meals more interesting."",""question3"":""Do you prefer eating alone or eating with friends and family? Why?"",""question3_answer"":""I prefer eating with friends and family because I enjoy talking and sharing experiences with them. It makes me feel relaxed and happy. However, eating alone can also be useful when I need some quiet time.""}]}",Speaking Part 3 import template,10,28
SPEAKING_PART3,What are the differences between these two places?,"{""template"":""SPEAKING_PART3"",""total"":1,""title"":""Speaking Part 3"",""part"":""Part 3"",""questions"":[{""urlpic1"":""https://res.cloudinary.com/dl5qadbyl/image/upload/v1788945442/Screenshot_2026-09-08_162416.png"",""urlpic2"":""https://res.cloudinary.com/dl5qadbyl/image/upload/v1788945302/ChatGPT_Image_16_07_53_9_thg_9_2026.png"",""question1"":""Describe the two pictures. What can you see in these pictures?"",""question1_answer"":""In the first picture, I can see an amazing underwater world with many colorful coral reefs, fish and sea plants. The environment looks peaceful and natural. In the second picture, I can see a large desert landscape with sand dunes, small plants and a beautiful sunset. The desert looks dry, quiet and impressive because of its natural beauty."",""question2"":""What are the differences between these two places?"",""question2_answer"":""There are several differences between these two places. The first picture shows an environment under the ocean, while the second picture shows a place on land. The underwater world is full of life with many fish and coral reefs, but the desert has fewer living things because it is hot and dry. The atmosphere is also different because the ocean is mysterious and calm, whereas the desert is peaceful and isolated."",""question3"":""Which place would you prefer to visit and why?"",""question3_answer"":""Personally, I would prefer to visit the underwater world because I think it would be an exciting and unforgettable experience. I would love to explore the ocean and see colorful fish and coral reefs in real life. Moreover, visiting this place can help me understand the importance of protecting marine life and nature. Although the desert is beautiful, I think the underwater world is more interesting because it has many unique creatures and hidden secrets.""}]}",Speaking Part 3 import template,10,29
